scorer,,,Aaron,Aaron,Aaron,Aaron,Aaron,Aaron,Aaron,Aaron
bodyparts,,,top,top,bottom,bottom,left,left,right,right
coords,,,x,y,x,y,x,y,x,y
labeled-data,basicvideo,img1325.png,,,322.7947351419898,275.3484841234629,304.8829267726054,260.27790401937364,343.0565331351964,258.9990748762492
labeled-data,basicvideo,img1328.png,325.83482506900606,246.45037659912234,327.46410982541136,271.7042903234045,307.1998806676204,261.11393940677004,345.2334966999567,259.89197583946606
labeled-data,basicvideo,img1332.png,,,324.04505906844554,276.7645827900385,303.250600925983,261.64105333134205,342.1485890026424,259.6811106018924
